Monday,Tuesday,Wednesday,Thurday,Friday,Saturday,Sunday
0.2,0.2,0.2,0.1,0.3,0.3,0.2
0.4,0.30000000000000004,0.2,0.2,0.2,0.30000000000000004,0.2
0.30000000000000004,0.2,0.2,0.2,0.2,0.30000000000000004,0.4
0.30000000000000004,0.2,0.2,0.2,0.0,0.30000000000000004,0.2
0.1,0.30000000000000004,0.1,0.1,0.2,0.1,0.1
